username,user id,access hash,name,group,group id
,5976408419,8135718830541832853,D.BuyBot,Will Crypto Shill,2310281430
Abbddelll,5990034265,4814426279563614341,Abdel,Will Crypto Shill,2310281430
,5541265268,-5545987179736782862,Guardian,Will Crypto Shill,2310281430
Sebastianaa11,6865087268,-2307536181826338131,Sebastian Abraham,Will Crypto Shill,2310281430
forter10s,6406262050,7753307284573392997,FORTER SERVICES,Will Crypto Shill,2310281430
thon_d,6249031813,1985871979057233069,Webs ğŸ•¸ï¸ Thonder,Will Crypto Shill,2310281430
Awesome19831,1890320622,4931433355744728254,Will Some,Will Crypto Shill,2310281430
rowan701,6036077101,3002629822355878444,Rowan,Will Crypto Shill,2310281430
be_bezos,5016871225,-1547605290877041606,Jeff || â‚¿lockchain Express,Will Crypto Shill,2310281430
star1194,6766387021,-5462832178511828343,Starc,Will Crypto Shill,2310281430
Felixmarketer,6522889787,5543953276576683996,ğ—™ğ—˜ğ—Ÿğ—œğ—« ğ— ğ—”ğ—¥ğ—ğ—˜ğ—§ğ—˜ğ—¥,Will Crypto Shill,2310281430
INFINITY0961,6710793645,-4582316021668226873,INFINITY INSPIRATION,Will Crypto Shill,2310281430
Shizuoka_BTC,5755713044,-1313074861807212610,MicHiÅ“ $ShaTo$hi_BTCâ„¢ğŸ¥·ğŸ¾,Will Crypto Shill,2310281430
Phanes_bot,7178305557,-8074510565523069698,Phanes,Will Crypto Shill,2310281430
JackWhale,1767129932,-2113717106395856971,Jack Pump,Will Crypto Shill,2310281430
Willcalls24,6353583682,-1267784382847450499,(^.^),Will Crypto Shill,2310281430
coricannavino,6730236638,9085785520225087943,Albert Rosti22 ğŸš€,Will Crypto Shill,2310281430
moontok_serve,7037638114,5796532674042650423,MoonServe æœˆæœ | Moontok.ioğŸ‡,Will Crypto Shill,2310281430
fuweis_Von,6593044793,-7939154435975523011,FÍuÍ MÍaÍnÍaÍgÍeÍrÍ,Will Crypto Shill,2310281430
BrunoIMS,5064663122,-3977377590522334788,Bruno https://t.me/imosuccess,Will Crypto Shill,2310281430
T_boxe,6302574117,-2271083364552307237,TBOXE,Will Crypto Shill,2310281430
pandycaL,6582724567,-646344765337366565,PANDA{DM FOR KOL ONLY},Will Crypto Shill,2310281430
,7160835301,8225364783297525567,,Will Crypto Shill,2310281430
connor1305,2121941399,-8644089299507207827,Connor,Will Crypto Shill,2310281430
MysteryManPepe,6285213630,-7290629099337253659,Mystery Dev,Will Crypto Shill,2310281430
CHENG_Pixel,7441085474,-7441935030891330497,CHENG Pixel,Will Crypto Shill,2310281430
MoxieBoss,5160294504,7066209468386160476,MoxieBoss,Will Crypto Shill,2310281430
,6215941500,2148573830726452865,,Will Crypto Shill,2310281430
Miguel0123456,1750452851,5025136471643790410,Miguel ğŸ¦,Will Crypto Shill,2310281430
Daviiiooo,6361013917,-296194366830869093,Davio,Will Crypto Shill,2310281430
Willsomebot,7930808173,-3673873901816749748,(^.^),Will Crypto Shill,2310281430
,7098195052,-5143814583016826707,Major Buy Bot,Will Crypto Shill,2310281430
,6509770180,-5317846095532110000,Mike,Will Crypto Shill,2310281430
weiweii1,6597136052,3884892510319916973,Feng Wei ä¼ŸğŸ‡¨ğŸ‡³,Will Crypto Shill,2310281430
leopard_174,6020582565,2326806161121440228,STONE STARRKK,Will Crypto Shill,2310281430
LuigiGMTT,6101900691,1749024730541542275,Luigi,Will Crypto Shill,2310281430
Emmydavegrafix,1272692944,-5675637508297589960,Emmydave,Will Crypto Shill,2310281430
,6468468071,-3157759945019273092,D.RaidBot,Will Crypto Shill,2310281430
Tender_t,6715328491,-8077387632317301191,Tender Heart,Will Crypto Shill,2310281430
bammiedesigns,7425478589,-3168875520283879821,Bammie designsğŸ¨ğŸ†,Will Crypto Shill,2310281430
Morgan1320,5113367152,1222304742901013711,Morgan,Will Crypto Shill,2310281430
Ninelives24,7493128513,775631085911718645,XTAYALIVE,Will Crypto Shill,2310281430
basra440,6980763341,-217183517978317530,Basra Marketing Services,Will Crypto Shill,2310281430
Klearwalter,6672592543,-2046865526170318491,Klear,Will Crypto Shill,2310281430
Anchorman0,1730794063,1688126726210960656,Anchor,Will Crypto Shill,2310281430
Donaarrrr,5321628537,9028609779702165706,Donar,Will Crypto Shill,2310281430
The_ChosenLord,6365185574,-8850596122520854706,MR CHOSEN || SHILL ADEPT ğŸ¦…,Will Crypto Shill,2310281430
Randy_or,6727181973,-1376228807400324137,Randy Orton,Will Crypto Shill,2310281430
G0ld4x,5952316989,-7787867114329949601,Gold4x,Will Crypto Shill,2310281430
De_Youngweb1,7890552514,-9060980454375930073,YOUNG WEBğŸ’,Will Crypto Shill,2310281430
Leo_modj,6703746194,-5654624336186713043,Lorenzo 001,Will Crypto Shill,2310281430
,5635667967,-6973428323442616784,Aiguo (ğŸ›CRYPTOMOONSHOTS ç”µè¯),Will Crypto Shill,2310281430
DublinKate5522,6556487113,3412660297954892898,Dublin Kate,Will Crypto Shill,2310281430
william8315,7247941712,-6022036497128897676,ğŸš€WilliaM DeV TeaMğŸ§‘ğŸ¼â€ğŸ’»,Will Crypto Shill,2310281430
Thundercrypt1,7429529687,1718715011332161946,Thunder,Will Crypto Shill,2310281430
Big_castle_pro,7189197127,7439307968449964860,Castle,Will Crypto Shill,2310281430
Kimjeffery21,6572936353,-665841236794024349,ğ•µğ–Šğ–‹ğ–‹ğ–Šğ–—ğ– ã‚­ãƒ ,Will Crypto Shill,2310281430
Luckytui,5406533612,-136702402195312834,é‹æ°£ Luck,Will Crypto Shill,2310281430
Mashwrus,7236670869,-4525442614441472276,Masher Usa ğŸ¦´,Will Crypto Shill,2310281430
Toddmatt,6018723647,9058705453862176061,Todd Matt ğŸ¾Î£,Will Crypto Shill,2310281430
Fleezesticker0,7211318849,3254590613459795829,Fleezesticker,Will Crypto Shill,2310281430
Thundercaller1,6387461457,-8849246418726790090,THUNDER CALLER,Will Crypto Shill,2310281430
iameliseo,5431706478,-5840100354762704860,á´‡ÊŸÉªêœ±á´‡á´' Êœá´€Ê€á´… á´„á´Ê€á´‡ á´‡Ë£á´˜á´‡Ê€á´›,Will Crypto Shill,2310281430
bigbaldmikey,5585468819,-881737028474548297,Big Bald Mike,Will Crypto Shill,2310281430
itadori_Yuji02,7631178923,4665429069985987693,Yuji Itadori,Will Crypto Shill,2310281430
